,ConsistencyBat,TotalConBat,FormBat,RecentFormBat,OppositionBat,VenueBat,ConsistencyBowl,TotalConBowl,FormBowl,RecentFormBowl,OppositionBowl,VenueBowl
Harbhajan Singh,2.4186,1.9268000000000003,0.8338000000000001,0.0,2.3844000000000003,3.3821999999999997,2.1917,4.583300000000001,3.378,0.0,4.2185,4.3749
Narayan Jagadeesan,0.9848000000000001,1.5292,0.0,1.4635999999999998,2.4144,0.0,0.0,0.0,0.0,0.0,0.0,0.0
Ravindra Jadeja,2.4186,2.899,2.822,3.7114000000000003,2.5883999999999996,2.8049999999999997,3.7006,4.547300000000001,3.9654,2.6155000000000004,4.072,4.1183000000000005
Devdutt Padikkal,2.6766,2.6766,0.0,3.8698,1.9882,0.0,0.0,0.0,0.0,0.0,0.0,0.0
Navdeep Saini,1.411,1.411,0.8338000000000001,1.9882,0.9848000000000001,1.0176,1.5161,1.5161,2.8032000000000004,2.4278000000000004,1.9283,0.8584
Yuzvendra Chahal,0.801,0.801,0.8338000000000001,0.8338000000000001,0.8338000000000001,1.1232,3.5719000000000003,3.8353,3.8608000000000002,4.2741,3.9008,2.7293
